"","Apps","Accept","Enroll","Top10perc","Top25perc","F.Undergrad","P.Undergrad","Outstate","Room.Board","Books","Personal","PhD","Terminal","S.F.Ratio","perc.alumni","Expend","Grad.Rate"
"1",2669.22603719599,1925.76251788269,748.645207439199,23.0886981402003,51.8569384835479,3601.39341917024,914.480686695279,9904.16595135908,4248.25178826896,544.300429184549,1357.65522174535,70.8011444921316,78.0972818311874,14.477539341917,21.4921316165951,8684.36766809728,63.4635193133047
