"","Apps","Accept","Enroll","Top10perc","Top25perc","F.Undergrad","P.Undergrad","Outstate","Room.Board","Books","Personal","PhD","Terminal","S.F.Ratio","perc.alumni","Expend","Grad.Rate"
"1",5980.5641025641,2852.60256410256,1060.71794871795,67.6153846153846,91.1025641025641,4582.74358974359,324.935897435897,15248.5641025641,5336.79487179487,594.910256410256,1188.17948717949,89.3205128205128,94.0897435897436,10.6141025641026,33.9615384615385,18404.8717948718,83.3846153846154
